[{"id":"1","userid":"42559","email":"djordjeradovanovicvrba@gmail.com","igra":"Counter Strike 1.6","slotovi":"14","hostname":"te","lokacija":"1","drzava":"Crna Gora","nacinP":"Bank\/Posta","unapred":"1","cena":"3.50","datum":"23.04.2017","vreme":"1492947673","status":"0"},{"id":"2","userid":"42559","email":"djordjeradovanovicvrba@gmail.com","igra":"San Andreas MultiPlayer","slotovi":"100","hostname":"te","lokacija":"1","drzava":"Crna Gora","nacinP":"Bank\/Posta","unapred":"1","cena":"5","datum":"23.04.2017","vreme":"1492947791","status":"0"},{"id":"3","userid":"42559","email":"djordjeradovanovicvrba@gmail.com","igra":"TeamSpeak 3","slotovi":"150","hostname":"dadas","lokacija":"1","drzava":"Crna Gora","nacinP":"Bank\/Posta","unapred":"1","cena":"82.50","datum":"23.04.2017","vreme":"1492947810","status":"0"},{"id":"4","userid":"42559","email":"djordjeradovanovicvrba@gmail.com","igra":"Counter Strike 1.6","slotovi":"16","hostname":"te","lokacija":"1","drzava":"Crna Gora","nacinP":"Bank\/Posta","unapred":"1","cena":"4","datum":"23.04.2017","vreme":"1492947872","status":"0"},{"id":"5","userid":"42559","email":"djordjeradovanovicvrba@gmail.com","igra":"Counter Strike 1.6","slotovi":"14","hostname":"te","lokacija":"1","drzava":"Crna Gora","nacinP":"Bank\/Posta","unapred":"1","cena":"3.50","datum":"23.04.2017","vreme":"1492947673","status":"0"}]